stata,scipy,scipy_jac,cvxpy
896.0000299999999,41.93925857543945,27.933835983276367,18.488407135009766
902.00001,36.156415939331055,20.897388458251953,16.941070556640625
884.0,36.856651306152344,20.9500789642334,15.012502670288086
874.0000100000001,32.52077102661133,20.49422264099121,14.978170394897461
853.9999700000001,31.9674015045166,19.48094367980957,15.012264251708984
906.0000200000001,35.971641540527344,19.978046417236328,15.048503875732422
875.9999899999999,31.99601173400879,21.3620662689209,14.130592346191406
925.00001,33.467769622802734,19.98138427734375,15.928030014038086
903.99998,32.87839889526367,19.985675811767578,14.920711517333984
874.0000100000001,32.833099365234375,21.044254302978516,14.043569564819336
903.0,31.867504119873047,21.938085556030273,14.690160751342773
870.9999899999999,31.913042068481445,20.07293701171875,15.072345733642578
907.99999,31.82673454284668,19.88506317138672,15.00248908996582
887.00002,34.03353691101074,20.961284637451172,14.990091323852539
873.00003,32.95445442199707,23.96416664123535,14.114618301391602
887.00002,33.86211395263672,20.89214324951172,14.058351516723633
865.0000100000001,31.80718421936035,21.016597747802734,15.962362289428711
866.0,35.16125679016113,21.31199836730957,14.976024627685547
875.0,33.06007385253906,20.75791358947754,15.305042266845703
859.00003,32.01723098754883,19.985437393188477,14.955282211303711
898.0,33.01596641540527,20.019054412841797,13.975858688354492
861.99999,34.201622009277344,19.95563507080078,16.072988510131836
869.00002,32.009124755859375,20.94101905822754,14.779090881347656
901.0000200000001,31.990528106689453,20.57671546936035,13.99850845336914
890.99997,32.81712532043457,20.153284072875977,13.993263244628906
904.99997,35.021066665649414,20.000457763671875,14.911174774169922
885.99998,31.898021697998047,21.175861358642578,14.525413513183594
875.9999899999999,32.90414810180664,20.006418228149414,14.040708541870117
890.99997,31.47411346435547,19.90032196044922,14.964818954467773
889.9999899999999,33.705949783325195,21.951913833618164,16.031980514526367
864.00002,32.75108337402344,21.916627883911133,15.081644058227539
871.99998,32.67025947570801,21.956682205200195,15.022754669189453
991.0,31.857728958129883,19.987821578979492,15.407085418701172
1135.0,32.9897403717041,22.797822952270508,15.072345733642578
1008.0,36.96894645690918,22.708892822265625,15.959501266479492
1178.0,32.96971321105957,20.935535430908203,14.976024627685547
975.00002,32.93561935424805,20.97487449645996,15.015602111816406
958.99999,33.13636779785156,20.038604736328125,14.004945755004883
971.00002,30.9140682220459,21.08454704284668,14.960765838623047
930.00001,31.97789192199707,19.64569091796875,14.034748077392578
934.0000200000001,32.095909118652344,20.041227340698242,14.044761657714844
945.9999799999999,34.73949432373047,20.996570587158203,14.005184173583984
958.99999,33.07962417602539,21.852731704711914,14.105081558227539
917.99998,31.978368759155273,21.11363410949707,14.550209045410156
958.99999,35.8881950378418,20.009517669677734,15.216827392578125
952.00002,33.98299217224121,20.118236541748047,13.971328735351562
921.99999,31.940698623657227,22.072315216064453,14.000415802001953
938.0000200000001,31.83913230895996,20.006895065307617,14.026165008544922
884.0,32.026052474975586,19.986391067504883,14.043092727661133
929.0000200000001,32.98234939575195,20.98989486694336,15.022516250610352
922.99998,31.868934631347656,23.160457611083984,16.803979873657227
944.99999,33.83588790893555,21.05116844177246,14.903545379638672
926.99999,34.47413444519043,20.747661590576172,16.08419418334961
930.00001,32.668113708496094,20.047426223754883,14.42265510559082
931.9999799999999,31.844377517700195,21.851778030395508,13.979911804199219
998.00003,31.969547271728516,20.997285842895508,13.983488082885742
921.99999,31.856536865234375,21.051645278930664,14.936208724975586
933.0000299999999,32.91726112365723,21.054506301879883,14.043807983398438
947.00003,32.02414512634277,20.970582962036133,16.01433753967285
940.0,32.959938049316406,20.946741104125977,14.957189559936523
931.9999799999999,32.10783004760742,20.97916603088379,13.925790786743164
917.99998,34.505367279052734,19.87910270690918,14.473915100097656
944.99999,32.67312049865723,21.51322364807129,13.935089111328125
952.00002,31.88300132751465,19.909143447875977,14.844655990600586
915.0000200000001,32.8068733215332,20.98369598388672,14.91403579711914
936.9999799999999,34.079790115356445,23.29230308532715,14.989376068115234
1020.9999999999999,33.12802314758301,22.4759578704834,13.992786407470703
1132.0,33.782958984375,20.010948181152344,15.035867691040039
980.00002,33.00952911376953,19.893884658813477,16.401290893554688
1070.0001,33.692121505737305,20.81155776977539,14.770746231079102
1022.9999999999999,33.049583435058594,20.990610122680664,13.977289199829102
985.0000100000001,31.96239471435547,19.86980438232422,14.945745468139648
934.0000200000001,31.97312355041504,20.004749298095703,13.792753219604492
958.0,34.117937088012695,21.944284439086914,15.047073364257812
949.99999,34.076690673828125,21.030902862548828,14.09912109375
941.9999700000001,31.93521499633789,19.736289978027344,14.012813568115234
1272.0,32.18269348144531,18.75138282775879,15.147686004638672
1059.0,32.73963928222656,20.015954971313477,14.11581039428711
1123.0,35.06660461425781,24.013042449951172,13.685226440429688
1022.0,31.998157501220703,21.692514419555664,14.156341552734375
1010.9999999999999,31.882047653198242,19.87004280090332,15.05279541015625
907.99999,33.37597846984863,20.05600929260254,13.797521591186523
1012.0,32.720327377319336,21.14129066467285,14.065265655517578
1031.0,31.881093978881836,20.00284194946289,15.059232711791992
986.99999,32.95564651489258,18.990516662597656,15.970230102539062
999.0000100000001,35.16411781311035,22.046804428100586,15.80667495727539
1016.9999999999999,32.79447555541992,28.96571159362793,14.961004257202148
989.00002,31.899452209472656,20.86186408996582,15.999078750610352
1012.9999999999999,34.7752571105957,20.99895477294922,16.890287399291992
989.00002,35.742759704589844,22.11928367614746,16.830921173095703
982.99998,35.03251075744629,20.094633102416992,13.918399810791016
1010.0,32.965898513793945,21.001100540161133,14.379739761352539
990.0000100000001,33.08510780334473,19.74320411682129,16.95990562438965
1054.9999,34.0425968170166,22.66836166381836,15.980243682861328
1022.9999999999999,33.01239013671875,20.968914031982422,15.028953552246094
1054.0,32.7150821685791,20.011186599731445,14.881610870361328
1022.0,35.70151329040527,20.915985107421875,14.915943145751953
1018.0,35.04061698913574,20.817995071411133,14.049291610717773
991.99998,32.90581703186035,21.97098731994629,14.829158782958984
977.99999,31.85558319091797,20.735979080200195,14.039039611816406
1008.0,32.926082611083984,20.030736923217773,14.92929458618164
1016.9999999999999,32.6075553894043,21.029233932495117,15.994787216186523
1028.0,35.03870964050293,22.99785614013672,23.84805679321289
1003.9998999999999,33.64229202270508,21.09050750732422,14.965057373046875
1025.0,36.13758087158203,24.010181427001953,18.9054012298584
1033.0,36.13734245300293,20.79010009765625,14.942169189453125
957.00002,40.56048393249512,19.92034912109375,15.923023223876953
941.9999700000001,32.88149833679199,20.28203010559082,14.969587326049805
957.00002,33.68711471557617,29.407262802124023,15.925407409667969
902.00001,38.86008262634277,20.868778228759766,14.031648635864258
958.99999,33.354997634887695,20.699739456176758,15.050649642944336
947.00003,32.41419792175293,20.479917526245117,14.862298965454102
938.0000200000001,31.915903091430664,22.261619567871094,13.950109481811523
917.0,39.899349212646484,23.06509017944336,16.81232452392578
940.9999799999999,34.6834659576416,19.884109497070312,15.019893646240234
890.99997,31.768083572387695,21.046161651611328,15.777111053466797
971.00002,35.60924530029297,19.970417022705078,17.99607276916504
940.9999799999999,33.06293487548828,20.993947982788086,15.032052993774414
986.0,32.85622596740723,22.238492965698242,15.013694763183594
934.0000200000001,33.17832946777344,20.755529403686523,14.876365661621094
933.0000299999999,33.28537940979004,21.793365478515625,14.906167984008789
925.00001,34.79957580566406,26.872873306274414,24.02496337890625
1264.0001,43.43605041503906,22.155046463012695,14.88804817199707
887.00002,35.811662673950195,22.81951904296875,15.597820281982422
924.0000200000001,34.96098518371582,21.683216094970703,16.606569290161133
915.0000200000001,35.05897521972656,20.904064178466797,21.048784255981445
875.9999899999999,44.863224029541016,20.94888687133789,16.951799392700195
883.00002,34.0113639831543,22.01056480407715,16.000032424926758
915.0000200000001,34.84058380126953,22.90034294128418,16.538619995117188
922.99998,39.89601135253906,24.64437484741211,14.912843704223633
941.9999700000001,37.54472732543945,21.990537643432617,15.892505645751953
915.0000200000001,34.18254852294922,19.99974250793457,13.915061950683594
938.0000200000001,32.860755920410156,20.786762237548828,16.02339744567871
958.99999,32.85479545593262,21.793603897094727,15.994071960449219
949.0,35.30097007751465,20.720481872558594,15.075922012329102
940.0,32.5925350189209,21.029233932495117,14.940500259399414
944.99999,33.52665901184082,19.999265670776367,15.901327133178711
963.99999,33.57815742492676,20.995378494262695,13.975381851196289
1012.0,33.0510139465332,20.001649856567383,14.038324356079102
878.00002,32.8829288482666,19.852399826049805,14.974117279052734
958.99999,32.96065330505371,19.775390625,14.95504379272461
919.0000299999999,32.961368560791016,20.95818519592285,14.077186584472656
944.00001,31.93521499633789,21.944284439086914,15.042543411254883
939.00001,32.96470642089844,21.963119506835938,15.371084213256836
944.00001,32.987356185913086,19.99354362487793,15.082836151123047
957.00002,32.90748596191406,21.08597755432129,14.150381088256836
963.99999,32.25588798522949,22.008657455444336,15.101432800292969
888.00001,31.8295955657959,21.00992202758789,14.043092727661133
999.0000100000001,32.15193748474121,20.926475524902344,15.045404434204102
975.00002,34.151554107666016,21.94833755493164,15.074491500854492
954.0,33.01596641540527,19.970178604125977,14.624834060668945
953.00001,32.990455627441406,20.000219345092773,13.928413391113281
944.00001,32.37295150756836,20.001888275146484,16.782045364379883
935.99999,37.98627853393555,20.89715003967285,15.038490295410156
975.00002,47.81031608581543,25.006532669067383,16.56818389892578
952.00002,34.569501876831055,22.001981735229492,14.840841293334961
1150.0,38.26785087585449,21.042585372924805,14.971494674682617
1033.0,32.72533416748047,22.14980125427246,16.028404235839844
1039.0,33.80608558654785,20.01476287841797,15.472888946533203
990.0000100000001,33.00189971923828,26.590824127197266,14.839649200439453
970.00003,31.86178207397461,20.439624786376953,16.08586311340332
952.00002,32.92655944824219,20.923137664794922,15.098810195922852
958.0,32.94229507446289,22.159576416015625,14.000177383422852
898.0,32.9592227935791,21.03877067565918,15.888690948486328
947.00003,39.45660591125488,39.33286666870117,22.46999740600586
948.00001,40.63081741333008,21.00062370300293,14.999866485595703
915.0000200000001,36.99970245361328,21.000146865844727,14.999866485595703
929.0000200000001,33.99944305419922,22.0034122467041,14.513254165649414
934.0000200000001,32.99999237060547,20.999670028686523,16.00337028503418
967.00001,35.99691390991211,21.000385284423828,14.999151229858398
963.99999,35.003662109375,22.995948791503906,15.001058578491211
907.99999,36.10086441040039,21.90089225769043,14.033794403076172
952.00002,33.535003662109375,20.40410041809082,17.83442497253418
962.00001,36.61990165710449,22.834300994873047,14.835834503173828
950.9999799999999,35.883426666259766,21.796464920043945,15.017271041870117
936.9999799999999,34.81268882751465,22.182464599609375,16.12687110900879
929.0000200000001,33.95557403564453,20.959854125976562,15.874385833740234
944.99999,34.888505935668945,19.972562789916992,15.997886657714844
941.9999700000001,33.99944305419922,21.022558212280273,15.029668807983398
906.0000200000001,33.75244140625,19.95682716369629,14.899969100952148
947.00003,32.88865089416504,20.80082893371582,14.877080917358398
926.99999,33.62679481506348,20.037174224853516,15.04063606262207
980.00002,33.141136169433594,21.075725555419922,14.890432357788086
976.00001,33.82587432861328,20.260095596313477,14.966964721679688
962.00001,32.935380935668945,20.040035247802734,14.572858810424805
948.00001,35.86983680725098,20.346641540527344,15.001535415649414
961.00003,32.891273498535156,20.86496353149414,14.040708541870117
949.0,32.76538848876953,19.844532012939453,15.027046203613281
930.99999,31.954526901245117,20.01810073852539,15.030145645141602
934.0000200000001,32.87935256958008,21.06952667236328,13.912677764892578
938.0000200000001,35.024166107177734,20.990371704101562,14.957904815673828
968.9999799999999,32.02199935913086,20.02692222595215,14.216184616088867
934.0000200000001,43.57647895812988,26.091814041137695,16.962289810180664
961.00003,33.022165298461914,19.961833953857422,15.016794204711914
931.9999799999999,33.79106521606445,20.31540870666504,14.908075332641602
899.99998,32.959938049316406,38.00058364868164,16.041994094848633
926.99999,33.95819664001465,21.051406860351562,16.753673553466797
967.99999,34.18922424316406,20.000934600830078,14.026641845703125
931.9999799999999,32.091379165649414,22.247314453125,15.995264053344727
977.99999,57.75642395019531,26.99756622314453,16.00170135498047
1041.0,33.33759307861328,27.951478958129883,15.933990478515625
1008.9999,33.71286392211914,19.89603042602539,14.60409164428711
938.0000200000001,32.87053108215332,20.812273025512695,14.06717300415039
925.00001,33.4932804107666,19.908905029296875,15.909910202026367
948.00001,34.10458564758301,38.91754150390625,33.437252044677734
963.0,37.017822265625,20.901203155517578,16.943693161010742
959.9999799999999,34.81411933898926,20.817279815673828,14.925003051757812
941.9999700000001,35.59589385986328,21.893024444580078,15.001773834228516
929.0000200000001,36.065101623535156,19.98734474182129,19.99974250793457
958.99999,33.00952911376953,21.001100540161133,14.997720718383789
940.9999799999999,32.92059898376465,19.99974250793457,15.041828155517578
884.0,32.73344039916992,19.883155822753906,15.903711318969727
982.99998,33.6456298828125,20.101070404052734,15.039205551147461
927.99997,34.03306007385254,27.004480361938477,24.0020751953125
958.99999,49.1328239440918,29.73198890686035,23.16880226135254
933.0000299999999,44.001102447509766,27.00209617614746,32.00054168701172
943.0000200000001,89.00022506713867,29.000520706176758,28.999805450439453
944.99999,74.99861717224121,39.000511169433594,29.999256134033203
1022.9999999999999,65.00029563903809,23.997783660888672,24.003028869628906
1128.0,67.99817085266113,22.999286651611328,15.999555587768555
985.0000100000001,35.09640693664551,22.959470748901367,15.404462814331055
1022.0,53.89547348022461,23.823976516723633,21.051645278930664
958.0,43.18690299987793,20.98703384399414,14.930486679077148
973.9999799999999,32.671213150024414,20.093917846679688,14.975309371948242
945.9999799999999,33.978939056396484,19.956111907958984,14.981746673583984
926.0,33.029794692993164,20.972490310668945,14.03498649597168
935.99999,32.95421600341797,19.863605499267578,15.99884033203125
889.0,33.91885757446289,20.925521850585938,14.975309371948242
940.0,31.926393508911133,22.009611129760742,15.209674835205078
935.99999,32.945871353149414,20.90597152709961,14.861106872558594
933.0000299999999,33.02741050720215,21.0113525390625,15.047550201416016
950.9999799999999,32.91940689086914,21.124601364135742,14.879703521728516
936.9999799999999,31.965970993041992,20.91050148010254,15.042304992675781
967.99999,33.899545669555664,19.788265228271484,15.048980712890625
912.99999,33.81514549255371,20.849943161010742,17.05646514892578
889.9999899999999,34.91687774658203,22.006511688232422,13.938188552856445
931.9999799999999,35.906314849853516,22.003173828125,15.116214752197266
927.99997,33.87570381164551,19.941091537475586,13.974905014038086
921.0,57.0070743560791,23.296356201171875,15.053272247314453
934.0000200000001,31.942129135131836,21.200180053710938,16.060590744018555
920.0000200000001,32.828330993652344,20.136117935180664,15.000104904174805
915.0000200000001,33.36286544799805,19.991397857666016,15.015125274658203
926.99999,33.945560455322266,21.04806900024414,15.944480895996094
906.0000200000001,63.23599815368652,22.27020263671875,14.193534851074219
949.0,33.48064422607422,21.097660064697266,15.099048614501953
921.99999,32.84573554992676,20.06220817565918,15.14291763305664
917.99998,31.837940216064453,19.85907554626465,14.046907424926758
934.0000200000001,32.38844871520996,20.631790161132812,14.042139053344727
940.0,32.77087211608887,20.345211029052734,14.071464538574219
920.0000200000001,35.90250015258789,22.0181941986084,16.01409912109375
908.99998,36.073923110961914,23.142337799072266,18.642902374267578
906.0000200000001,37.17231750488281,22.984027862548828,15.067100524902344
901.0000200000001,33.85353088378906,21.13819122314453,14.13416862487793
1110.9999,32.8526496887207,21.088838577270508,14.96267318725586
1014.0001000000001,33.173561096191406,20.93791961669922,14.757394790649414
986.99999,34.14630889892578,20.82657814025879,14.969348907470703
920.0000200000001,33.205509185791016,20.919322967529297,15.053510665893555
943.0000200000001,32.98687934875488,20.015478134155273,13.94200325012207
970.00003,32.167911529541016,20.21026611328125,14.984607696533203
908.99998,33.573150634765625,20.9658145904541,14.757156372070312
957.00002,32.72438049316406,20.27606964111328,15.534400939941406
950.9999799999999,32.84120559692383,20.48659324645996,14.887571334838867
948.00001,32.53436088562012,20.934104919433594,14.226436614990234
952.00002,34.46245193481445,20.785093307495117,15.366792678833008
944.00001,35.99190711975098,20.81584930419922,15.04206657409668
962.00001,32.50861167907715,20.08199691772461,14.883279800415039
954.9999799999999,32.54222869873047,20.933151245117188,14.443159103393555
876.99997,32.9136848449707,21.036863327026367,14.892816543579102
925.00001,34.40976142883301,22.007226943969727,15.003204345703125
945.9999799999999,35.11619567871094,19.909381866455078,15.032529830932617
930.99999,33.028602600097656,19.90199089050293,15.948057174682617
959.9999799999999,32.76371955871582,19.553661346435547,15.06185531616211
926.0,33.65588188171387,21.665573120117188,14.009237289428711
966.00002,31.880855560302734,19.962787628173828,14.05024528503418
940.0,31.974315643310547,20.92456817626953,13.89455795288086
882.00003,33.942461013793945,19.96445655822754,25.31719207763672
953.00001,36.04888916015625,20.746231079101562,13.943910598754883
921.99999,31.867504119873047,21.73638343811035,18.57733726501465
934.0000200000001,33.416748046875,22.013425827026367,15.872955322265625
959.9999799999999,33.89143943786621,20.009994506835938,15.024662017822266
919.0000299999999,33.56051445007324,20.565032958984375,15.627861022949219
955.9999700000001,32.92584419250488,20.984888076782227,16.011476516723633
1096.0,32.63497352600098,21.20184898376465,17.187118530273438
1092.0,35.02774238586426,20.944833755493164,15.004634857177734
1026.0,31.773805618286133,21.512746810913086,15.19155502319336
1016.0,33.57195854187012,20.93219757080078,14.803886413574219
966.00002,32.958030700683594,21.551132202148438,14.863729476928711
940.0,33.81156921386719,20.83730697631836,14.410257339477539
931.9999799999999,33.734798431396484,20.315170288085938,14.873027801513672
958.99999,31.787633895874023,21.030902862548828,13.932228088378906
938.0000200000001,32.67312049865723,21.073341369628906,13.968229293823242
887.00002,33.822059631347656,20.853519439697266,14.068365097045898
927.99997,32.95588493347168,21.640777587890625,16.004085540771484
930.99999,34.430742263793945,21.005868911743164,15.24662971496582
920.0000200000001,32.43899345397949,20.984649658203125,15.041351318359375
958.99999,32.485008239746094,19.994020462036133,14.011383056640625
910.0000299999999,31.9063663482666,21.091699600219727,15.093564987182617
975.00002,31.924009323120117,19.99211311340332,14.977693557739258
961.00003,32.9890251159668,19.994497299194336,13.800382614135742
883.00002,33.03647041320801,20.38407325744629,14.857769012451172
936.9999799999999,30.961990356445312,21.680831909179688,13.991594314575195
972.99999,33.01835060119629,18.85056495666504,14.374971389770508
954.0,32.96327590942383,20.23482322692871,14.127492904663086
943.0000200000001,32.910823822021484,21.00849151611328,14.953374862670898
926.99999,32.12547302246094,21.747350692749023,15.107870101928711
943.0000200000001,32.050371170043945,19.17243003845215,15.02847671508789
930.99999,34.03782844543457,20.52760124206543,14.101266860961914
894.99998,34.845590591430664,21.997690200805664,14.962196350097656
940.9999799999999,31.98385238647461,22.99976348876953,15.019416809082031
938.0000200000001,31.866788864135742,20.005226135253906,14.607429504394531
935.0,32.529592514038086,21.021366119384766,13.939380645751953
958.0,33.06770324707031,20.647764205932617,15.007972717285156
944.00001,32.28163719177246,22.118330001831055,15.046834945678711
949.0,33.07843208312988,21.015405654907227,13.961076736450195
949.0,33.060550689697266,20.42531967163086,15.004396438598633
896.0000299999999,36.49401664733887,20.114660263061523,13.919591903686523
948.00001,32.163143157958984,21.058082580566406,14.050483703613281
949.0,44.846534729003906,20.991086959838867,14.055728912353516
930.99999,32.05513954162598,19.942045211791992,15.041828155517578
941.9999700000001,32.01723098754883,21.065950393676758,15.26021957397461
940.0,32.03463554382324,20.937204360961914,14.026641845703125
940.9999799999999,33.28847885131836,20.52593231201172,14.960527420043945
915.0000200000001,33.9813232421875,19.929885864257812,15.935182571411133
897.00001,32.96065330505371,20.014524459838867,13.969182968139648
920.0000200000001,30.972719192504883,21.84915542602539,14.00613784790039
919.0000299999999,32.03868865966797,19.96469497680664,13.592720031738281
980.00002,31.899213790893555,20.882368087768555,13.994216918945312
1138.0,33.980607986450195,19.9429988861084,14.02592658996582
1093.0001,30.823707580566406,20.05147933959961,14.871597290039062
1014.0001000000001,32.98139572143555,19.941091537475586,13.783693313598633
1020.9999999999999,33.04314613342285,20.07460594177246,14.066696166992188
1065.0001,32.87220001220703,19.94633674621582,13.999462127685547
927.99997,33.124685287475586,20.869731903076172,14.086484909057617
952.00002,32.175540924072266,20.009517669677734,14.062643051147461
908.99998,32.082319259643555,19.99497413635254,13.968944549560547
936.9999799999999,33.85639190673828,19.99974250793457,14.113426208496094
934.0000200000001,31.616687774658203,21.090984344482422,16.999244689941406
935.0,32.83548355102539,20.276308059692383,13.975143432617188
973.9999799999999,31.960487365722656,20.007848739624023,15.048980712890625
883.00002,35.57252883911133,20.011186599731445,14.511585235595703
920.0000200000001,32.17124938964844,23.171424865722656,14.06097412109375
967.99999,32.579898834228516,20.0960636138916,14.006614685058594
917.99998,33.13589096069336,20.094871520996094,15.418052673339844
936.9999799999999,36.01527214050293,21.031856536865234,14.000177383422852
916.00001,33.00213813781738,19.83165740966797,15.397310256958008
945.9999799999999,34.02853012084961,19.999027252197266,15.037775039672852
920.0000200000001,33.00023078918457,21.03877067565918,16.890764236450195
907.99999,35.6287956237793,20.96271514892578,15.075206756591797
940.0,32.95493125915527,21.92997932434082,15.046834945678711
957.00002,32.86457061767578,20.946741104125977,14.043092727661133
907.00001,32.93132781982422,21.636486053466797,16.028165817260742
955.9999700000001,35.29667854309082,20.96390724182129,15.84768295288086
936.9999799999999,33.766984939575195,19.882678985595703,13.978719711303711
949.0,31.963109970092773,20.120859146118164,13.911962509155273
944.99999,32.167911529541016,19.001007080078125,14.684200286865234
915.0000200000001,32.94706344604492,20.969867706298828,13.495922088623047
917.99998,31.905412673950195,24.86705780029297,14.786005020141602
949.99999,32.91010856628418,19.024133682250977,15.079021453857422
930.00001,33.00046920776367,19.873857498168945,15.066146850585938
943.0000200000001,33.179521560668945,20.848512649536133,14.207124710083008
952.00002,32.01484680175781,19.96898651123047,15.21444320678711
957.00002,32.743215560913086,19.999980926513672,14.093875885009766
950.9999799999999,32.166481018066406,20.110607147216797,14.028310775756836
896.0000299999999,33.99777412414551,19.818782806396484,15.052556991577148
939.00001,31.942367553710938,21.04926109313965,14.034748077392578
950.9999799999999,31.9216251373291,20.0045108795166,14.91093635559082
926.0,33.87761116027832,20.98822593688965,13.932466506958008
967.99999,34.01994705200195,20.264387130737305,15.085220336914062
933.0000299999999,32.02104568481445,21.591901779174805,14.040231704711914
936.9999799999999,30.955076217651367,21.03710174560547,14.043569564819336
963.0,31.281709671020508,20.133018493652344,14.906167984008789
913.99997,33.59651565551758,20.986557006835938,15.133857727050781
949.99999,33.53595733642578,21.588802337646484,14.969587326049805
944.99999,33.04934501647949,20.133256912231445,14.976024627685547
949.99999,32.03940391540527,19.891738891601562,14.759540557861328
907.00001,33.399343490600586,21.150588989257812,14.037370681762695
907.00001,30.948162078857422,22.635459899902344,14.102697372436523
941.9999700000001,31.908750534057617,19.895315170288086,15.094995498657227
939.00001,31.857728958129883,20.961761474609375,14.008283615112305
889.0,33.674001693725586,20.08223533630371,14.070987701416016
970.00003,31.798124313354492,21.975994110107422,15.867233276367188
949.99999,32.55724906921387,20.11275291442871,13.824224472045898
954.0,31.33702278137207,20.993709564208984,14.016151428222656
962.00001,32.55939483642578,20.426034927368164,14.93692398071289
902.00001,31.84342384338379,20.97940444946289,15.094757080078125
958.0,32.07993507385254,20.010709762573242,14.014005661010742
962.00001,32.93299674987793,19.869089126586914,15.012502670288086
924.0000200000001,33.082008361816406,21.122455596923828,13.993978500366211
920.0000200000001,32.97567367553711,20.847082138061523,15.200376510620117
981.0000100000001,31.949281692504883,20.005464553833008,13.599157333374023
1126.0,32.46283531188965,19.60897445678711,13.916015625
1088.0001,32.82356262207031,20.051240921020508,14.963150024414062
982.99998,31.92901611328125,20.163297653198242,14.91856575012207
990.0000100000001,31.74281120300293,20.010709762573242,14.026403427124023
971.00002,31.830787658691406,20.0040340423584,14.186859130859375
926.0,33.90908241271973,23.99921417236328,14.928102493286133
912.0,34.84225273132324,20.88141441345215,14.217853546142578
936.9999799999999,32.805681228637695,19.960641860961914,14.973878860473633
926.0,35.96329689025879,24.99675750732422,17.018795013427734
929.0000200000001,33.27655792236328,20.989656448364258,13.939857482910156
930.00001,32.16814994812012,21.085739135742188,14.06097412109375
954.0,32.70530700683594,20.03765106201172,14.025688171386719
949.99999,32.091379165649414,19.881248474121094,14.04714584350586
904.99997,33.01215171813965,20.003080368041992,15.074968338012695
917.99998,30.91144561767578,21.854400634765625,14.021635055541992
916.00001,31.016826629638672,20.08819580078125,14.981269836425781
907.00001,30.953168869018555,25.104522705078125,13.950347900390625
930.00001,33.02311897277832,19.917964935302734,14.015674591064453
953.00001,33.057451248168945,21.08621597290039,14.984607696533203
981.0000100000001,31.014442443847656,20.973682403564453,14.111757278442383
958.0,33.82396697998047,20.040273666381836,14.981746673583984
898.99999,33.12253952026367,20.045042037963867,14.051675796508789
903.99998,32.47880935668945,21.00086212158203,14.031648635864258
950.9999799999999,31.906604766845703,20.93982696533203,13.871908187866211
958.99999,32.59158134460449,20.004749298095703,14.980316162109375
953.00001,34.150123596191406,20.075321197509766,14.398574829101562
919.0000299999999,31.66675567626953,21.633625030517578,14.020919799804688
950.9999799999999,32.9594612121582,19.983768463134766,14.087915420532227
952.00002,31.2044620513916,20.001888275146484,14.02735710144043
919.0000299999999,37.050724029541016,19.7904109954834,15.174388885498047
943.0000200000001,31.81934356689453,21.093130111694336,14.068126678466797
945.9999799999999,32.67478942871094,19.75250244140625,14.82701301574707
939.00001,32.0436954498291,20.238637924194336,14.047384262084961
957.00002,33.440589904785156,20.586013793945312,14.00613784790039
944.00001,32.935142517089844,23.014545440673828,17.011642456054688
957.00002,32.201290130615234,19.983291625976562,14.006853103637695
958.99999,32.96232223510742,20.00141143798828,14.792442321777344
903.99998,32.32002258300781,20.002126693725586,14.208078384399414
925.00001,31.769514083862305,20.008563995361328,15.045404434204102
982.99998,31.743764877319336,19.96016502380371,13.077259063720703
989.00002,32.10306167602539,21.34418487548828,16.31617546081543
959.9999799999999,35.40539741516113,19.828319549560547,15.000104904174805
939.00001,31.872034072875977,20.325422286987305,15.025854110717773
950.9999799999999,31.122922897338867,20.045995712280273,13.586044311523438
1028.0,32.088279724121094,19.875288009643555,14.021635055541992
953.00001,32.089948654174805,20.903587341308594,15.027523040771484
947.00003,32.3643684387207,21.898746490478516,14.584064483642578
938.0000200000001,32.0584774017334,20.017147064208984,14.107942581176758
967.99999,30.74502944946289,20.01047134399414,14.987707138061523
912.0,33.94198417663574,22.08542823791504,14.998674392700195
931.9999799999999,32.02557563781738,20.67422866821289,14.97960090637207
917.0,31.626462936401367,20.422935485839844,15.00082015991211
940.0,31.484365463256836,19.37079429626465,15.00391960144043
893.9999899999999,33.2944393157959,22.19533920288086,14.046192169189453
954.9999799999999,31.929969787597656,21.9573974609375,14.892339706420898
948.00001,32.06753730773926,23.009061813354492,14.05191421508789
945.9999799999999,32.835960388183594,19.95372772216797,15.049219131469727
938.0000200000001,33.30588340759277,20.064353942871094,14.077901840209961
959.9999799999999,32.87649154663086,20.95961570739746,14.081954956054688
963.0,31.88037872314453,19.87004280090332,15.011787414550781
966.00002,31.87417984008789,19.97518539428711,14.021635055541992
893.9999899999999,33.98299217224121,20.139455795288086,13.944864273071289
953.00001,32.99117088317871,21.017789840698242,15.021562576293945
945.9999799999999,31.036376953125,19.936561584472656,14.881610870361328
952.00002,33.040523529052734,23.015260696411133,17.768144607543945
945.9999799999999,33.74433517456055,20.070791244506836,15.552759170532227
926.99999,32.843589782714844,21.05426788330078,14.116764068603516
931.9999799999999,31.84342384338379,20.020246505737305,13.965368270874023
936.9999799999999,31.719684600830078,19.89603042602539,14.638900756835938
878.00002,32.47785568237305,19.962310791015625,14.075517654418945
949.99999,31.537771224975586,20.32947540283203,14.742136001586914
925.00001,32.06944465637207,20.27583122253418,13.93580436706543
934.0000200000001,31.861066818237305,21.006345748901367,14.023542404174805
921.0,35.420894622802734,19.071102142333984,14.751195907592773
941.9999700000001,31.76403045654297,21.0726261138916,14.122486114501953
939.00001,30.975818634033203,19.99688148498535,13.005495071411133
967.99999,30.930519104003906,20.093441009521484,14.979839324951172
882.00003,34.07883644104004,20.003318786621094,14.227867126464844
957.00002,31.899690628051758,19.304275512695312,15.06948471069336
922.99998,34.94000434875488,19.043922424316406,15.014171600341797
959.9999799999999,32.00125694274902,20.018815994262695,13.984441757202148
978.9999700000001,33.1273078918457,19.95062828063965,15.027523040771484
1126.0,31.93974494934082,20.069122314453125,15.015363693237305
1089.0,30.982017517089844,19.962787628173828,14.965534210205078
1025.0,31.925439834594727,21.940946578979492,15.023231506347656
1000.9999999999999,33.90026092529297,21.012306213378906,14.044523239135742
967.00001,33.820390701293945,21.268129348754883,14.048576354980469
962.00001,32.90915489196777,19.899845123291016,14.034271240234375
954.9999799999999,31.809568405151367,19.824981689453125,14.984130859375
948.00001,33.87022018432617,21.124839782714844,14.922857284545898
977.0,31.311511993408203,22.71556854248047,14.09149169921875
947.00003,31.82673454284668,19.00196075439453,15.030622482299805
935.99999,32.22060203552246,20.444393157958984,13.911247253417969
884.0,33.00762176513672,20.06387710571289,15.942096710205078
906.0000200000001,34.93833541870117,20.008563995361328,14.968395233154297
989.00002,31.986474990844727,20.936250686645508,13.614654541015625
907.00001,32.85813331604004,19.8667049407959,14.051675796508789
958.0,34.277915954589844,19.952774047851562,14.107465744018555
943.0000200000001,32.95564651489258,21.631479263305664,14.153718948364258
966.00002,32.92131423950195,19.960880279541016,14.456510543823242
945.9999799999999,31.917333602905273,19.94490623474121,14.930963516235352
934.0000200000001,33.2179069519043,20.159006118774414,15.006303787231445
929.0000200000001,31.955480575561523,21.997690200805664,14.90163803100586
961.00003,34.03759002685547,20.000219345092773,15.980720520019531
944.00001,34.91091728210449,20.270109176635742,14.797210693359375
950.9999799999999,32.12547302246094,20.02239227294922,14.01066780090332
949.99999,31.833410263061523,22.249937057495117,15.029430389404297
947.00003,30.833005905151367,19.937753677368164,14.019012451171875
947.00003,31.901121139526367,22.76325225830078,14.7247314453125
903.0,34.105539321899414,20.55668830871582,14.888286590576172
921.0,31.76569938659668,20.923376083374023,14.976739883422852
940.0,32.92226791381836,20.15542984008789,13.956308364868164
929.0000200000001,33.04886817932129,19.878387451171875,13.944149017333984
975.00002,35.52532196044922,19.924402236938477,15.996932983398438
936.9999799999999,32.02080726623535,21.311044692993164,17.06695556640625
935.99999,34.566402435302734,19.971370697021484,14.090776443481445
936.9999799999999,32.06682205200195,20.010709762573242,14.954090118408203
903.0,32.92417526245117,19.972801208496094,14.037609100341797
934.0000200000001,31.18300437927246,20.923614501953125,15.044212341308594
912.99999,31.99291229248047,20.046472549438477,13.909101486206055
935.0,31.047821044921875,20.01214027404785,13.864755630493164
954.0,38.00225257873535,20.43461799621582,14.081954956054688
954.0,31.272411346435547,20.841121673583984,15.068769454956055
954.9999799999999,34.64007377624512,23.376941680908203,15.968561172485352
935.0,32.470703125,20.013809204101562,13.86713981628418
955.9999700000001,33.757925033569336,19.89269256591797,13.934612274169922
958.99999,33.03265571594238,21.04640007019043,14.66226577758789
930.99999,31.964778900146484,20.003080368041992,13.80467414855957
936.9999799999999,33.05864334106445,24.99985694885254,15.627384185791016
911.00001,35.72440147399902,20.07746696472168,15.122175216674805
911.00001,32.98640251159668,20.890235900878906,14.997720718383789
943.0000200000001,36.00311279296875,20.998477935791016,14.998435974121094
936.9999799999999,34.00063514709473,21.999120712280273,17.003536224365234
917.99998,34.064292907714844,20.7827091217041,14.107942581176758
903.99998,33.023834228515625,21.18396759033203,14.043331146240234
950.9999799999999,33.01215171813965,20.257949829101562,14.019966125488281
1012.9999999999999,32.027482986450195,20.856380462646484,13.974189758300781
1348.0,33.400774002075195,21.975994110107422,14.551877975463867
1376.0,36.70811653137207,21.07691764831543,14.908552169799805
1339.0,33.928871154785156,20.598411560058594,14.077901840209961
1029.0,31.861305236816406,20.32947540283203,13.954639434814453
1077.0,34.04951095581055,20.01214027404785,15.001296997070312
1232.0,33.040523529052734,21.984577178955078,14.98866081237793
1223.0,33.19835662841797,20.592212677001953,13.842582702636719
1192.0,31.729459762573242,20.025968551635742,15.013933181762695
1041.0,35.43853759765625,21.046161651611328,14.094829559326172
1109.0,32.31525421142578,22.058963775634766,13.930797576904297
1115.0,32.49716758728027,19.010305404663086,14.045476913452148
1152.0,31.52608871459961,19.9739933013916,14.324188232421875
1008.0,32.887935638427734,19.81186866760254,15.061616897583008
1089.0,32.535552978515625,20.917892456054688,15.655279159545898
940.0,32.79924392700195,20.595312118530273,14.964103698730469
921.99999,34.860849380493164,20.996570587158203,19.04296875
915.0000200000001,34.002065658569336,18.985986709594727,14.180660247802734
940.9999799999999,31.946420669555664,21.037578582763672,14.485836029052734
913.99997,31.433582305908203,20.01214027404785,14.963150024414062
921.0,35.34650802612305,23.012876510620117,15.705108642578125
879.0000100000001,33.893585205078125,20.06220817565918,15.030860900878906
926.99999,32.941579818725586,20.87998390197754,13.898372650146484
906.0000200000001,32.84311294555664,19.403457641601562,13.827323913574219
944.99999,31.925678253173828,20.012617111206055,14.974594116210938
943.0000200000001,33.225059509277344,20.008563995361328,14.01066780090332
929.0000200000001,31.80217742919922,22.202253341674805,13.569831848144531
915.0000200000001,31.601905822753906,19.95563507080078,13.983964920043945
929.0000200000001,32.02652931213379,21.401405334472656,16.37554168701172
894.99998,33.109426498413086,25.027990341186523,17.966747283935547
959.9999799999999,38.4066104888916,25.667190551757812,15.047788619995117
910.0000299999999,34.87420082092285,20.747900009155273,14.664173126220703
930.00001,32.29093551635742,21.049022674560547,15.029191970825195
1019.0001,33.10680389404297,20.53093910217285,14.122247695922852
962.00001,33.34403038024902,21.034955978393555,12.970685958862305
921.99999,33.618927001953125,21.81243896484375,17.895936965942383
945.9999799999999,32.18984603881836,19.97065544128418,14.019966125488281
889.0,33.86211395263672,20.54619789123535,16.016006469726562
904.99997,33.283233642578125,25.730371475219727,19.923925399780273
952.00002,46.69332504272461,21.929264068603516,15.974044799804688
935.0,34.36636924743652,21.392822265625,14.75381851196289
926.0,34.114837646484375,20.537614822387695,14.907598495483398
912.99999,32.97591209411621,20.99323272705078,14.716863632202148
930.00001,45.2272891998291,21.022319793701172,14.93978500366211
912.0,34.27910804748535,25.75826644897461,17.50493049621582
893.00001,43.74241828918457,26.378393173217773,18.835067749023438
919.0000299999999,35.90679168701172,20.98870277404785,13.849020004272461
935.0,34.00897979736328,20.555973052978516,15.020608901977539
904.99997,33.0357551574707,20.97797393798828,15.395164489746094
945.9999799999999,34.949302673339844,22.937536239624023,21.89040184020996
934.0000200000001,36.1328125,21.994590759277344,15.251398086547852
955.9999700000001,32.91583061218262,20.904064178466797,14.894962310791016
931.9999799999999,34.37304496765137,20.97177505493164,16.007423400878906
912.0,34.99603271484375,21.80337905883789,15.014886856079102
941.9999700000001,34.245967864990234,20.94292640686035,14.997720718383789
911.00001,33.23101997375488,21.02804183959961,15.848398208618164
1004.9999999999999,32.95421600341797,21.898508071899414,15.500068664550781
927.99997,37.74452209472656,32.05299377441406,17.885446548461914
920.0000200000001,39.02602195739746,22.65191078186035,15.745878219604492
898.99999,36.841392517089844,21.008014678955078,16.011953353881836
935.99999,33.34164619445801,21.8505859375,15.797853469848633
864.00002,34.54947471618652,20.006656646728516,15.986204147338867
913.99997,33.87641906738281,20.459413528442383,16.932249069213867
896.0000299999999,45.040130615234375,20.4317569732666,15.051126480102539
984.00003,37.294626235961914,21.94380760192871,16.031980514526367
920.0000200000001,34.81888771057129,21.313190460205078,16.025781631469727
916.00001,33.867835998535156,20.833969116210938,15.182733535766602
925.00001,32.75609016418457,20.542621612548828,15.004396438598633
949.99999,32.735586166381836,19.807815551757812,15.84315299987793
878.00002,33.4782600402832,20.9658145904541,15.00248908996582
1025.0,32.98830986022949,20.920515060424805,15.09404182434082
1140.0,33.496856689453125,22.043943405151367,16.258955001831055
984.00003,36.002397537231445,21.82626724243164,27.08911895751953
995.0,37.14776039123535,28.986215591430664,18.99576187133789
949.99999,48.772573471069336,22.882699966430664,14.917373657226562
944.00001,34.331560134887695,21.824359893798828,18.721818923950195
963.99999,47.94478416442871,25.835752487182617,22.036075592041016
884.9999899999999,35.13193130493164,22.94468879699707,16.98446273803711
929.0000200000001,33.84542465209961,22.952556610107422,14.902830123901367
889.0,34.94620323181152,20.519733428955078,14.035463333129883
929.0000200000001,33.34856033325195,20.13707160949707,15.950918197631836
907.00001,38.00630569458008,19.849777221679688,23.01025390625
930.99999,38.726806640625,20.965099334716797,15.037298202514648
922.99998,39.15572166442871,21.715164184570312,15.812397003173828
927.99997,36.43345832824707,26.125431060791016,18.24355125427246
892.00002,34.51275825500488,21.026134490966797,16.11614227294922
899.99998,41.46838188171387,20.84493637084961,16.030550003051758
912.99999,41.87130928039551,20.99919319152832,15.003204345703125
1020.0,45.55869102478027,21.971940994262695,15.013933181762695
958.0,43.44367980957031,33.93435478210449,17.963409423828125
961.00003,44.229984283447266,24.181127548217773,17.927885055541992
896.0000299999999,37.09053993225098,31.38113021850586,15.851259231567383
943.0000200000001,33.79344940185547,29.004335403442383,15.999555587768555
936.9999799999999,41.031837463378906,22.208213806152344,15.932798385620117
940.9999799999999,35.019874572753906,21.956205368041992,14.875650405883789
915.0000200000001,32.865285873413086,19.883155822753906,14.02902603149414
950.9999799999999,32.90200233459473,20.057201385498047,16.12091064453125
916.00001,39.903879165649414,21.64745330810547,14.116287231445312
954.0,32.424211502075195,20.96104621887207,14.600753784179688
961.00003,31.628847122192383,20.14303207397461,14.066219329833984
940.9999799999999,31.963109970092773,22.040605545043945,13.932228088378906
869.00002,32.66024589538574,19.932985305786133,14.973163604736328
919.0000299999999,36.0414981842041,20.80249786376953,15.05136489868164
940.0,32.779693603515625,20.756244659423828,15.482664108276367
933.0000299999999,33.90312194824219,20.315885543823242,16.30401611328125
930.00001,43.29729080200195,21.89922332763672,15.461921691894531
940.0,32.83882141113281,21.854400634765625,14.95981216430664
917.99998,35.42447090148926,20.954608917236328,15.041112899780273
931.9999799999999,32.834529876708984,24.98912811279297,21.71802520751953
897.00001,35.19248962402344,20.98226547241211,15.01154899597168
930.00001,38.44785690307617,20.206212997436523,15.081167221069336
957.00002,39.20912742614746,24.0480899810791,16.788482666015625
962.00001,33.730268478393555,21.534442901611328,14.95981216430664
935.99999,35.088539123535156,21.012544631958008,15.001296997070312
925.00001,33.95962715148926,23.740291595458984,15.035629272460938
897.00001,39.6273136138916,22.32074737548828,17.46225357055664
949.99999,32.91487693786621,21.020889282226562,15.00844955444336
887.00002,33.27012062072754,20.387887954711914,14.03951644897461
908.99998,34.56616401672363,22.902965545654297,15.026569366455078
912.0,32.59468078613281,19.916296005249023,14.883041381835938
903.99998,32.98759460449219,19.963741302490234,14.897823333740234
985.0000100000001,34.70802307128906,20.739078521728516,14.854907989501953
921.0,32.86290168762207,21.152496337890625,15.526533126831055
910.0000299999999,34.964561462402344,20.582199096679688,15.995502471923828
948.00001,35.085201263427734,20.967960357666016,15.023469924926758
907.00001,37.08362579345703,22.010326385498047,16.087770462036133
927.99997,36.12065315246582,24.481534957885742,17.858266830444336
922.99998,34.1949462890625,20.85709571838379,15.195131301879883
955.9999700000001,32.906532287597656,21.01874351501465,16.86692237854004
898.99999,32.87172317504883,20.928382873535156,14.877080917358398
980.00002,34.27553176879883,20.788908004760742,15.488386154174805
930.00001,32.89461135864258,20.77794075012207,14.864206314086914
959.9999799999999,32.90247917175293,19.940853118896484,15.053987503051758
897.00001,32.92989730834961,19.82593536376953,15.033245086669922
1059.0,32.64808654785156,21.00658416748047,15.761137008666992
1112.0,33.85782241821289,19.876718521118164,15.348434448242188
911.00001,32.91583061218262,19.877195358276367,15.300989151000977
991.0,34.05404090881348,19.947052001953125,15.747785568237305
902.00001,35.54701805114746,22.04108238220215,15.985250473022461
917.99998,45.706987380981445,23.957252502441406,16.83640480041504
907.00001,33.15567970275879,22.057533264160156,17.01045036315918
885.99998,34.867048263549805,22.980690002441406,15.010595321655273
920.0000200000001,35.75253486633301,20.40266990661621,15.026569366455078
901.0000200000001,35.103559494018555,19.95253562927246,15.952825546264648
921.0,34.91044044494629,28.092622756958008,15.001535415649414
906.0000200000001,34.835100173950195,21.983623504638672,15.053272247314453
910.0000299999999,35.155534744262695,26.77750587463379,16.989946365356445
889.9999899999999,34.15727615356445,20.944595336914062,13.951301574707031
921.0,32.904863357543945,20.151853561401367,16.019582748413086
860.0000100000001,32.03153610229492,20.09439468383789,14.997005462646484
921.99999,32.88888931274414,20.756244659423828,14.519214630126953
915.0000200000001,34.018516540527344,20.976781845092773,14.955997467041016
906.0000200000001,32.02676773071289,19.977331161499023,15.873908996582031
941.9999700000001,33.930301666259766,20.566940307617188,15.422821044921875
930.99999,43.9302921295166,22.933483123779297,14.837503433227539
907.99999,34.26623344421387,21.697998046875,14.172077178955078
924.0000200000001,32.87458419799805,27.335405349731445,17.007827758789062
906.0000200000001,38.91921043395996,21.322011947631836,15.963554382324219
943.0000200000001,34.87038612365723,21.87800407409668,16.995906829833984
916.00001,35.040855407714844,19.892454147338867,14.046669006347656
936.9999799999999,31.950950622558594,21.010160446166992,17.97175407409668
894.99998,32.091617584228516,21.543025970458984,15.025615692138672
933.0000299999999,33.51449966430664,20.827770233154297,20.054340362548828
890.99997,40.41147232055664,29.945850372314453,15.741109848022461
987.99998,33.78701210021973,20.123958587646484,16.025066375732422
870.9999899999999,33.872127532958984,21.009445190429688,15.671730041503906
907.99999,35.52961349487305,22.890806198120117,16.17264747619629
954.0,41.042327880859375,22.02630043029785,16.875028610229492
935.0,32.94777870178223,20.821571350097656,14.449834823608398
931.9999799999999,35.99262237548828,19.92201805114746,14.964580535888672
917.0,32.97686576843262,24.022817611694336,14.052867889404297
954.9999799999999,32.81545639038086,23.789405822753906,15.007972717285156
920.0000200000001,31.708240509033203,20.56717872619629,14.94145393371582
883.00002,32.8526496887207,20.64228057861328,14.600038528442383
1108.0,32.29188919067383,21.934986114501953,15.036821365356445
860.0000100000001,31.965970993041992,20.97797393798828,17.90142059326172
921.99999,33.738136291503906,19.986629486083984,16.670942306518555
949.0,33.66494178771973,19.74177360534668,14.97340202331543
967.99999,33.85663032531738,20.914316177368164,15.19775390625
935.0,39.422035217285156,20.6911563873291,17.042160034179688
893.9999899999999,32.766103744506836,22.67146110534668,19.000768661499023
855.00002,40.999412536621094,23.932695388793945,18.116474151611328
898.99999,35.08806228637695,20.792484283447266,17.037630081176758
871.99998,31.818389892578125,21.008968353271484,15.363216400146484
847.99999,31.330347061157227,20.48969268798828,14.773130416870117
852.0,34.59644317626953,24.85370635986328,15.087127685546875
888.00001,36.154747009277344,22.563934326171875,14.998435974121094
851.00001,35.3388786315918,20.607709884643555,15.028715133666992
880.0,33.82253646850586,20.948410034179688,15.73324203491211
958.0,49.29637908935547,23.301362991333008,25.106430053710938
930.00001,43.709754943847656,24.479389190673828,17.033100128173828
889.9999899999999,35.78305244445801,21.475791931152344,17.986297607421875
1221.0,33.405303955078125,21.275043487548828,16.285181045532227
1010.0,33.76650810241699,21.039247512817383,18.563270568847656
963.0,37.57143020629883,20.909786224365234,16.12710952758789
945.9999799999999,32.82904624938965,20.858049392700195,15.19465446472168
879.0000100000001,33.83374214172363,21.569252014160156,24.252891540527344
1041.0,42.91963577270508,21.960973739624023,15.652894973754883
912.0,34.90114212036133,21.869182586669922,15.016317367553711
908.99998,35.971641540527344,21.997451782226562,16.000986099243164
1024.0,42.03486442565918,21.679401397705078,15.49983024597168
924.0000200000001,34.11364555358887,21.65818214416504,16.998767852783203
1033.0,37.05739974975586,20.9197998046875,15.126943588256836
1204.0,34.566402435302734,61.54131889343262,33.988237380981445
1094.0,61.99479103088379,33.99968147277832,15.999794006347656
1028.0,36.82684898376465,20.903348922729492,15.052556991577148
991.0,36.43393516540527,22.023916244506836,15.380382537841797
938.0000200000001,34.040212631225586,20.91217041015625,18.224000930786133
883.00002,34.64341163635254,21.933794021606445,14.140605926513672
920.0000200000001,33.26749801635742,21.034955978393555,13.955354690551758
973.9999799999999,32.84263610839844,19.694089889526367,14.978647232055664
972.0,34.42549705505371,19.93584632873535,14.345407485961914
1035.0,32.99117088317871,20.92885971069336,14.87588882446289
973.9999799999999,33.855438232421875,21.89469337463379,15.585660934448242
944.99999,33.66231918334961,19.893646240234375,16.0062313079834
882.00003,33.28847885131836,20.693063735961914,15.578746795654297
1006.9999999999999,32.82952308654785,21.739959716796875,15.05899429321289
963.0,32.895803451538086,19.694089889526367,15.086889266967773
934.0000200000001,34.25478935241699,20.986557006835938,15.909433364868164
885.99998,35.27235984802246,21.8355655670166,14.847993850708008
940.9999799999999,34.77597236633301,20.565509796142578,15.042781829833984
915.0000200000001,32.975196838378906,20.81465721130371,15.926599502563477
1101.0,35.51173210144043,21.96478843688965,14.958381652832031
926.0,34.110307693481445,20.943641662597656,14.032602310180664
963.99999,32.218217849731445,21.436214447021484,13.865947723388672
889.0,33.660173416137695,22.31001853942871,20.966529846191406
973.9999799999999,33.76126289367676,21.3930606842041,18.999576568603516
906.0000200000001,33.86545181274414,20.930767059326172,15.773296356201172
958.0,33.528804779052734,21.227359771728516,14.893770217895508
926.99999,32.99379348754883,20.8895206451416,14.956235885620117
978.9999700000001,32.796621322631836,20.578622817993164,14.729738235473633
888.00001,33.843994140625,20.855188369750977,15.079021453857422
972.0,33.88404846191406,20.904064178466797,15.065670013427734
907.99999,32.25302696228027,20.821571350097656,14.939546585083008
972.0,34.69657897949219,20.603179931640625,14.821290969848633
916.00001,33.79702568054199,21.594524383544922,13.973236083984375
941.9999700000001,31.975507736206055,21.83818817138672,14.901876449584961
876.99997,32.77945518493652,21.050214767456055,14.876365661621094
935.99999,34.1486930847168,19.87624168395996,15.125036239624023
915.0000200000001,34.743547439575195,22.003650665283203,14.495372772216797
971.00002,34.74831581115723,21.784543991088867,15.496969223022461
1073.0,32.27424621582031,20.981788635253906,15.021562576293945
1092.0,37.73045539855957,21.971702575683594,18.590211868286133
1000.9999999999999,40.5426025390625,21.972179412841797,16.33143424987793
1035.0,33.79702568054199,20.277023315429688,15.451908111572266
936.9999799999999,33.63490104675293,21.84891700744629,21.337032318115234
906.0000200000001,34.876346588134766,20.664453506469727,21.979808807373047
977.99999,38.960933685302734,19.944190979003906,14.953136444091797
931.9999799999999,33.99991989135742,20.981311798095703,14.030694961547852
945.9999799999999,32.86886215209961,21.0115909576416,14.995098114013672
913.99997,34.94095802307129,20.917654037475586,15.821218490600586
973.9999799999999,34.23142433166504,20.01190185546875,14.043331146240234
917.99998,31.85749053955078,21.520137786865234,14.988422393798828
964.9999700000001,32.47356414794922,19.78135108947754,13.855218887329102
952.00002,33.16497802734375,19.998788833618164,14.199972152709961
1039.0,34.05594825744629,20.012617111206055,14.04118537902832
963.0,31.74448013305664,20.769119262695312,15.164852142333984
921.0,32.20772743225098,18.990278244018555,14.043569564819336
931.9999799999999,32.81760215759277,21.109819412231445,15.105724334716797
967.99999,36.539316177368164,22.011995315551758,15.759706497192383
903.99998,32.87363052368164,21.00849151611328,13.959884643554688
963.0,32.8984260559082,20.821809768676758,13.988018035888672
940.9999799999999,32.0897102355957,20.961761474609375,17.27581024169922
998.00003,35.971641540527344,19.81520652770996,14.909982681274414
999.0000100000001,31.9974422454834,21.83699607849121,14.030694961547852
984.00003,32.295942306518555,20.990610122680664,13.788938522338867
966.00002,31.780481338500977,20.341873168945312,14.039754867553711
889.0,35.170555114746094,20.968914031982422,14.202594757080078
949.99999,33.03694725036621,21.07834815979004,14.430761337280273
890.99997,31.043529510498047,20.023584365844727,14.031648635864258
941.9999700000001,32.17959403991699,20.102739334106445,14.021158218383789
899.99998,32.01103210449219,21.055936813354492,14.04881477355957
998.00003,32.121896743774414,20.358562469482422,15.034914016723633
888.00001,32.002925872802734,19.90652084350586,14.757394790649414
990.0000100000001,32.215118408203125,19.77062225341797,14.394998550415039
934.0000200000001,32.973289489746094,20.99442481994629,14.037370681762695
966.00002,31.568288803100586,21.04926109313965,14.233827590942383
912.0,31.972169876098633,23.325443267822266,13.986349105834961
938.0000200000001,31.906604766845703,19.96326446533203,15.920877456665039
930.99999,34.99197959899902,21.000385284423828,14.191389083862305
1164.0,32.07039833068848,22.008180618286133,14.019250869750977
985.0000100000001,31.950950622558594,20.059823989868164,14.043807983398438
959.9999799999999,31.871795654296875,19.303560256958008,15.850067138671875
1012.0,37.055253982543945,20.03955841064453,15.010356903076172
964.9999700000001,31.914949417114258,20.98679542541504,14.051437377929688
995.0,32.81235694885254,21.050453186035156,13.803482055664062
901.0000200000001,34.697771072387695,20.773887634277344,13.847112655639648
944.00001,33.90836715698242,21.892309188842773,15.011310577392578
904.99997,35.81881523132324,21.474361419677734,15.099048614501953
934.0000200000001,31.705856323242188,19.8824405670166,13.976573944091797
904.99997,31.947851181030273,20.34735679626465,14.0228271484375
962.00001,33.0350399017334,20.046710968017578,15.720605850219727
907.99999,37.78243064880371,22.45640754699707,16.519546508789062
938.0000200000001,34.61050987243652,20.03765106201172,14.104127883911133
912.0,32.3023796081543,21.80933952331543,15.014410018920898
962.00001,33.16783905029297,20.896196365356445,14.154911041259766
944.00001,31.89992904663086,20.858049392700195,13.900279998779297
982.99998,32.55128860473633,19.974231719970703,14.063119888305664
901.0000200000001,36.06605529785156,22.716760635375977,16.182899475097656
950.9999799999999,37.87350654602051,21.78049087524414,14.017105102539062
906.0000200000001,32.92512893676758,20.691394805908203,14.420270919799805
967.99999,31.88633918762207,19.62733268737793,14.309167861938477
917.99998,31.505584716796875,20.92719078063965,13.013839721679688
959.9999799999999,32.89914131164551,21.058320999145508,13.999700546264648
885.99998,31.92591667175293,21.988391876220703,14.194965362548828
944.00001,31.937122344970703,19.794940948486328,14.034509658813477
935.99999,31.92424774169922,22.01366424560547,14.713525772094727
967.99999,33.89787673950195,20.32613754272461,15.018463134765625
913.99997,32.91726112365723,19.983768463134766,15.043020248413086
921.0,32.88102149963379,19.79660987854004,13.97705078125
920.0000200000001,32.921791076660156,21.024465560913086,14.085054397583008
957.00002,32.982587814331055,20.71237564086914,14.960527420043945
913.99997,34.50727462768555,20.18117904663086,15.953302383422852
975.00002,33.02597999572754,19.94037628173828,16.095638275146484
865.0000100000001,33.09893608093262,21.00992202758789,14.970064163208008
926.99999,35.07876396179199,20.012617111206055,15.046358108520508
919.0000299999999,32.26137161254883,21.01445198059082,14.078140258789062
963.0,32.993316650390625,19.954919815063477,14.99485969543457
908.99998,32.00101852416992,20.95651626586914,13.975858688354492
948.00001,34.04116630554199,21.047115325927734,13.966083526611328
922.99998,31.981468200683594,20.91526985168457,17.014503479003906
977.0,35.02178192138672,21.00062370300293,13.971805572509766
880.99998,31.85272216796875,20.01023292541504,15.00391960144043
945.9999799999999,31.81743621826172,20.015954971313477,14.079093933105469
880.99998,32.06610679626465,20.761966705322266,13.91291618347168
949.0,32.09066390991211,20.006895065307617,13.935089111328125
908.99998,30.832290649414062,21.05426788330078,14.044046401977539
935.0,39.94297981262207,21.967172622680664,16.246318817138672
915.0000200000001,38.96045684814453,26.999473571777344,21.038293838500977
976.00001,36.99326515197754,21.079301834106445,18.004894256591797
898.99999,36.22937202453613,23.810386657714844,15.355587005615234
948.00001,38.98954391479492,24.999141693115234,15.998601913452148
917.0,39.999961853027344,21.000385284423828,16.000032424926758
940.9999799999999,34.03639793395996,19.929170608520508,15.169858932495117
1025.0,36.90147399902344,19.922256469726562,15.93637466430664
980.00002,38.825273513793945,23.131608963012695,13.879537582397461
967.00001,31.754255294799805,20.96724510192871,14.276504516601562
898.0,31.80861473083496,20.00737190246582,14.024972915649414
910.0000299999999,31.71372413635254,20.61748504638672,14.974355697631836
906.0000200000001,32.999515533447266,21.054744720458984,13.990640640258789
944.99999,32.00864791870117,21.816492080688477,14.064550399780273
913.99997,31.98528289794922,19.88816261291504,15.03443717956543
949.0,31.95810317993164,20.463943481445312,14.03951644897461
890.99997,36.743879318237305,19.09923553466797,15.055179595947266
936.9999799999999,31.878948211669922,20.073652267456055,15.098810195922852
926.0,31.472206115722656,18.9363956451416,14.994144439697266
958.0,32.659292221069336,20.108461380004883,14.138460159301758
939.00001,32.17625617980957,20.975351333618164,15.037298202514648
953.00001,31.99291229248047,20.874500274658203,13.976335525512695
894.99998,31.145572662353516,21.914243698120117,15.974044799804688
955.9999700000001,32.491445541381836,19.00458335876465,14.018774032592773
911.00001,35.109519958496094,19.898176193237305,14.091014862060547
926.99999,31.011104583740234,21.050214767456055,14.77670669555664
934.0000200000001,31.92758560180664,20.146846771240234,14.045953750610352
902.00001,31.530141830444336,19.916296005249023,13.921976089477539
888.00001,34.163475036621094,21.291494369506836,15.160083770751953
954.0,33.02335739135742,20.977020263671875,14.916181564331055
921.0,31.458377838134766,19.915103912353516,14.606475830078125
949.0,32.013893127441406,19.49620246887207,14.563322067260742
897.00001,34.85751152038574,19.002676010131836,15.040159225463867
938.0000200000001,31.952857971191406,22.039413452148438,13.974666595458984
919.0000299999999,32.97758102416992,19.069433212280273,15.059232711791992
930.99999,32.05394744873047,19.02031898498535,14.08529281616211
874.0000100000001,32.32312202453613,20.49851417541504,15.001773834228516
922.99998,32.94873237609863,21.00825309753418,15.143871307373047
964.9999700000001,32.34410285949707,20.063161849975586,13.95726203918457
1230.9999,31.808853149414062,19.72675323486328,13.96799087524414
1107.0,32.93037414550781,20.07293701171875,15.044689178466797
1337.0,31.428098678588867,20.046710968017578,15.608787536621094
1200.0,31.942367553710938,19.940853118896484,13.961553573608398
1156.9999,31.951904296875,20.011186599731445,14.055252075195312
1003.9998999999999,36.04745864868164,21.117448806762695,15.066862106323242
1028.0,33.23864936828613,19.780635833740234,15.815019607543945
961.00003,32.9134464263916,19.878864288330078,14.859437942504883
1175.0,31.902790069580078,20.912647247314453,14.68801498413086
1440.0001,33.928871154785156,20.954132080078125,13.95869255065918
989.00002,32.43279457092285,19.870996475219727,14.641761779785156
973.9999799999999,32.03988075256348,20.112276077270508,13.61703872680664
910.0000299999999,32.01651573181152,20.064353942871094,13.978958129882812
866.0,36.135196685791016,22.00174331665039,15.191793441772461
940.9999799999999,32.15956687927246,19.880056381225586,15.439271926879883
941.9999700000001,31.66794776916504,20.207643508911133,13.965606689453125
903.99998,32.07969665527344,19.883394241333008,13.03863525390625
931.9999799999999,33.61773490905762,20.02239227294922,14.591693878173828
888.00001,32.030582427978516,22.43518829345703,14.055967330932617
947.00003,32.3483943939209,20.06840705871582,14.013051986694336
949.0,32.22513198852539,20.015954971313477,14.02902603149414
934.0000200000001,33.046722412109375,19.971370697021484,14.296770095825195
871.99998,31.313180923461914,22.048473358154297,14.389514923095703
945.9999799999999,30.88998794555664,20.906448364257812,13.299226760864258
1020.9999999999999,30.719280242919922,19.893646240234375,14.837026596069336
1031.9999,33.93816947937012,20.98822593688965,15.018463134765625
981.0000100000001,31.763792037963867,22.080659866333008,14.153003692626953
958.99999,32.01103210449219,18.939971923828125,14.07766342163086
1113.0,34.52301025390625,20.9505558013916,13.99540901184082
1140.0,35.033464431762695,21.043062210083008,13.99850845336914
1104.0,32.86170959472656,22.00937271118164,13.92054557800293
1040.0,31.967878341674805,21.012544631958008,13.898372650146484
1127.0,32.88674354553223,20.000457763671875,16.896486282348633
1101.0,35.043954849243164,19.91724967956543,15.091419219970703
1088.0001,34.5005989074707,22.47762680053711,15.891790390014648
1212.0,31.859636306762695,21.1334228515625,14.543771743774414
1091.0,33.039093017578125,20.01357078552246,14.913320541381836
941.9999700000001,33.1273078918457,21.00086212158203,14.935731887817383
1036.9999,32.33003616333008,21.45075798034668,14.394998550415039
899.99998,31.30817413330078,21.033287048339844,13.573884963989258
985.0000100000001,31.946659088134766,19.940853118896484,14.030218124389648
894.99998,33.52856636047363,21.964073181152344,14.862537384033203
938.0000200000001,31.025409698486328,22.71747589111328,15.990018844604492
913.99997,32.98544883728027,20.28369903564453,14.045953750610352
958.0,32.04202651977539,20.956993103027344,13.927221298217773
870.9999899999999,34.15846824645996,21.007537841796875,15.018701553344727
922.99998,32.67717361450195,21.883487701416016,15.069007873535156
940.0,32.99236297607422,20.090579986572266,16.065359115600586
947.00003,33.01644325256348,21.033048629760742,15.745878219604492
913.99997,34.999847412109375,21.0878849029541,15.002727508544922
972.0,32.36055374145508,19.800662994384766,14.886617660522461
967.99999,31.95810317993164,20.15829086303711,13.919830322265625
1056.0,31.893491744995117,19.982337951660156,14.990568161010742
912.99999,33.35762023925781,19.913196563720703,14.11747932434082
896.0000299999999,31.615495681762695,21.317005157470703,14.130353927612305
1098.0,31.77928924560547,20.778417587280273,14.011383056640625
1053.0,30.96151351928711,20.01166343688965,14.90330696105957
917.0,35.016775131225586,20.975589752197266,15.009641647338867
921.99999,32.0889949798584,19.87624168395996,14.88804817199707
903.99998,32.87625312805176,19.268274307250977,14.118432998657227
924.0000200000001,32.30881690979004,19.86527442932129,13.946533203125
991.99998,32.94110298156738,20.03931999206543,14.275312423706055
1154.0,31.627655029296875,22.007465362548828,14.99032974243164
954.0,32.262563705444336,20.00141143798828,13.952970504760742
968.9999799999999,32.21940994262695,19.877910614013672,14.264345169067383
949.0,33.533573150634766,20.336627960205078,14.935016632080078
1010.0,32.631635665893555,20.010709762573242,16.178369522094727
917.0,31.24260902404785,20.51091194152832,14.058828353881836
1019.0001,32.19246864318848,19.219398498535156,14.04714584350586
925.00001,35.03561019897461,19.944429397583008,14.097452163696289
941.9999700000001,31.89992904663086,21.76642417907715,14.290332794189453
907.00001,31.09431266784668,19.802093505859375,14.022111892700195
986.99999,34.85465049743652,19.289731979370117,14.887332916259766
952.00002,32.59420394897461,20.97320556640625,13.940811157226562
961.00003,31.9669246673584,20.029306411743164,14.040946960449219
888.00001,31.880855560302734,19.041061401367188,14.024734497070312
878.00002,31.991243362426758,19.983291625976562,14.04261589050293
855.00002,32.933712005615234,22.045135498046875,15.978097915649414
906.0000200000001,33.00762176513672,19.0274715423584,15.996932983398438
851.00001,32.344818115234375,20.569324493408203,16.039371490478516
904.99997,34.94000434875488,23.84042739868164,15.922069549560547
935.99999,33.81943702697754,19.91438865661621,15.069723129272461
1000.9999999999999,32.56630897521973,20.972251892089844,13.920783996582031
917.99998,33.8137149810791,20.018339157104492,14.908552169799805
964.9999700000001,32.80520439147949,21.213293075561523,14.898061752319336
938.0000200000001,34.01994705200195,19.905567169189453,15.022754669189453
949.0,33.0810546875,21.979570388793945,15.75779914855957
869.00002,32.84406661987305,20.740270614624023,14.97793197631836
875.9999899999999,32.854557037353516,21.147727966308594,14.84370231628418
850.00002,34.56258773803711,19.908905029296875,14.269590377807617
878.00002,32.82928466796875,21.224498748779297,14.999151229858398
843.9999799999999,32.06825256347656,20.95961570739746,14.950037002563477
867.99997,32.662391662597656,20.9805965423584,15.05899429321289
870.0,33.38336944580078,19.771575927734375,15.00248908996582
865.0000100000001,32.111406326293945,20.837783813476562,15.130996704101562
847.0,31.905412673950195,20.666122436523438,15.021324157714844
853.9999700000001,31.939983367919922,20.960092544555664,14.051198959350586
861.99999,32.52887725830078,20.79486846923828,14.234066009521484
875.9999899999999,32.19103813171387,21.845340728759766,15.97285270690918
871.99998,33.54167938232422,19.839763641357422,14.874696731567383
871.99998,32.6080322265625,19.902944564819336,14.522314071655273
885.99998,35.89797019958496,21.756410598754883,13.973474502563477
926.0,33.10132026672363,20.701885223388672,14.222383499145508
921.99999,32.654523849487305,20.01166343688965,13.987064361572266
944.00001,31.82077407836914,19.865751266479492,13.858556747436523
933.0000299999999,36.97991371154785,20.032644271850586,14.75214958190918
934.0000200000001,32.050371170043945,23.063182830810547,13.906002044677734
897.00001,34.667253494262695,21.007776260375977,15.058040618896484
